0.3,3.19756,0.89613
0.302,3.19756,0.89613
0.304,3.19756,0.89613
0.306,3.19756,0.89613
0.308,3.19756,0.89613
0.31,3.19756,0.89613
0.312,3.19756,0.89613
0.314,3.19756,0.89613
0.316,3.19756,0.89613
0.318,3.19756,0.89613
0.32,3.17678,0.90652
0.322,3.17124,0.90929
0.324,3.1657,0.91206
0.326,3.16016,0.91483
0.328,3.15462,0.9163
0.33,3.14908,0.91581
0.332,3.14354,0.91533
0.334,3.13759,0.91484
0.336,3.13082,0.91435
0.338,3.12405,0.91386
0.34,3.11728,0.91337
0.342,3.11051,0.91259
0.344,3.10374,0.91147
0.346,3.09697,0.91035
0.348,3.0902,0.90923
0.35,3.08343,0.9081
0.352,3.07653,0.90698
0.354,3.06888,0.90586
0.356,3.06123,0.90473
0.358,3.05358,0.90361
0.36,3.04593,0.90249
0.362,3.03828,0.90137
0.364,3.03063,0.90024
0.366,3.02E+00,0.89912
0.368,3.02E+00,0.898
0.37,3.01E+00,0.89687
0.372,2.999,0.8944
0.374,2.99069,0.8893
0.376,2.98238,0.88419
0.378,2.97407,0.87909
0.38,2.96576,0.87398
0.382,2.95745,0.86888
0.384,2.94915,0.86377
0.386,2.9407,0.85867
0.388,2.93203,0.85356
0.39,2.92336,0.84846
0.392,2.9147,0.84335
0.394,2.90603,0.83731
0.396,2.89737,0.8312
0.398,2.8887,0.82508
0.4,2.79289,0.43444
0.402,2.79016,0.43123
0.404,2.78737,0.42804
0.406,2.78451,0.42488
0.408,2.78158,0.42176
0.41,2.77857,0.41869
0.412,2.77547,0.41569
0.414,2.77228,0.41277
0.416,2.76899,0.40993
0.418,2.76558,0.40721
0.42,2.76206,0.40459
0.422,2.75842,0.40211
0.424,2.75465,0.39977
0.426,2.75074,0.39758
0.428,2.74668,0.39556
0.43,2.74247,0.39372
0.432,2.7381,0.39207
0.434,2.73356,0.39063
0.436,2.72886,0.3894
0.438,2.72401,0.3884
0.44,2.71906,0.38764
0.442,2.71403,0.38713
0.444,2.70898,0.38689
0.446,2.70394,0.38693
0.448,2.69895,0.38725
0.45,2.69404,0.38788
0.452,2.68925,0.38882
0.454,2.68462,0.39009
0.456,2.68018,0.39169
0.458,2.67598,0.39365
0.46,2.67206,0.39597
0.462,2.66845,0.39866
0.464,2.66518,0.40174
0.466,2.6623,0.40522
0.468,2.65985,0.4091
0.47,2.65786,0.41342
0.472,2.65633,0.41816
0.474,2.65515,0.42338
0.476,2.65414,0.42908
0.478,2.65312,0.43531
0.48,2.65192,0.4421
0.482,2.65036,0.44947
0.484,2.64828,0.45745
0.486,2.6455,0.46608
0.488,2.64185,0.47538
0.49,2.63714,0.48539
0.492,2.63122,0.49613
0.494,2.6239,0.50764
0.496,2.61502,0.51994
0.498,2.60439,0.53307
0.5,2.8922,0.43762
0.502,2.88,0.43053
0.504,2.8678,0.42345
0.506,2.8556,0.42135
0.508,2.8434,0.42034
0.51,2.83121,0.41933
0.512,2.81901,0.41831
0.514,2.80681,0.4173
0.516,2.79461,0.41629
0.518,2.78241,0.41528
0.52,2.77021,0.41427
0.522,2.75801,0.41325
0.524,2.74581,0.41224
0.526,2.73361,0.41123
0.528,2.72141,0.41022
0.53,2.70922,0.40921
0.532,2.69702,0.40819
0.534,2.68482,0.40718
0.536,2.67262,0.40617
0.538,2.66042,0.40516
0.54,2.64822,0.40415
0.542,2.63602,0.40313
0.544,2.62382,0.40212
0.546,2.61162,0.40111
0.548,2.59942,0.4001
0.55,2.58723,0.39909
0.552,2.57503,0.39807
0.554,2.56283,0.39706
0.556,2.55063,0.39605
0.558,2.53843,0.39504
0.56,2.52623,0.39403
0.562,2.51403,0.39545
0.564,2.50183,0.39747
0.566,2.48963,0.39949
0.568,2.47743,0.40152
0.57,2.46523,0.40354
0.572,2.59502,0.40557
0.574,2.80989,0.40759
0.576,2.80344,0.40961
0.578,2.79699,0.41164
0.58,2.79054,0.41366
0.582,2.78409,0.41569
0.584,2.77764,0.41771
0.586,2.77119,0.41973
0.588,2.76474,0.42176
0.59,2.75829,0.42378
0.592,2.75184,0.4258
0.594,2.74539,0.42783
0.596,2.73894,0.42985
0.598,2.72868,0.43188
0.6,2.70508,4.34E-01
0.602,2.68148,4.36E-01
0.604,2.65788,4.38E-01
0.606,2.63428,4.40E-01
0.608,2.61068,4.42E-01
0.61,2.58708,4.44E-01
0.612,2.56349,4.46E-01
0.614,2.53989,4.48E-01
0.616,2.51629,4.50E-01
0.618,2.49269,4.51E-01
0.62,2.46909,4.52E-01
0.622,2.44549,4.53E-01
0.624,2.42189,4.54E-01
0.626,2.39829,4.55E-01
0.628,2.38396,4.56E-01
0.63,2.38011,4.57E-01
0.632,2.37626,4.58E-01
0.634,2.37242,4.59E-01
0.636,2.36857,4.60E-01
0.638,2.36472,4.61E-01
0.64,2.36087,4.62E-01
0.642,2.35703,4.63E-01
0.644,2.35318,4.64E-01
0.646,2.34933,4.65E-01
0.648,2.34549,4.67E-01
0.65,2.34164,4.68E-01
0.652,2.33779,4.69E-01
0.654,2.33395,4.70E-01
0.656,2.3301,4.71E-01
0.658,2.32625,4.72E-01
0.66,2.32241,4.73E-01
0.662,2.31856,4.74E-01
0.664,2.31471,4.75E-01
0.666,2.31086,4.76E-01
0.668,2.30702,4.77E-01
0.67,2.30317,4.78E-01
0.672,2.29932,4.79E-01
0.674,2.29548,4.80E-01
0.676,2.29163,4.82E-01
0.678,2.28778,4.84E-01
0.68,2.28394,4.87E-01
0.682,2.28009,4.89E-01
0.684,2.27166,4.91E-01
0.686,2.26124,4.93E-01
0.688,2.25083,4.95E-01
0.69,2.24042,4.97E-01
0.692,2.23001,4.99E-01
0.694,2.21959,5.01E-01
0.696,2.20918,5.03E-01
0.698,2.19877,5.05E-01
0.7,2.18835,5.07E-01
0.702,2.18024,5.09E-01
0.704,2.17379,5.11E-01
0.706,2.16734,5.13E-01
0.708,2.16089,5.15E-01
0.71,2.15444,5.17E-01
0.712,2.14799,5.19E-01
0.714,2.14154,5.21E-01
0.716,2.13509,5.23E-01
0.718,2.12864,5.25E-01
0.72,2.12219,5.27E-01
0.722,2.11574,5.29E-01
0.724,2.10929,5.31E-01
0.726,2.10284,5.33E-01
0.728,2.09639,5.35E-01
0.73,2.08994,5.39E-01
0.732,2.08349,5.44E-01
0.734,2.07704,5.49E-01
0.736,2.07059,5.55E-01
0.738,2.06391,5.60E-01
0.74,2.05614,5.65E-01
0.742,2.04838,5.70E-01
0.744,2.04062,5.75E-01
0.746,2.03285,5.80E-01
0.748,2.02509,5.85E-01
0.75,2.01733,5.90E-01
0.752,2.00956,5.95E-01
0.754,2.0018,6.00E-01
0.756,1.99404,6.05E-01
0.758,1.98627,6.10E-01
0.76,1.97851,6.15E-01
0.762,1.97075,6.20E-01
0.764,1.96298,6.25E-01
0.766,1.95522,6.30E-01
0.768,1.94746,6.35E-01
0.77,1.9397,6.41E-01
0.772,1.93193,6.46E-01
0.774,1.92417,6.51E-01
0.776,1.91641,6.56E-01
0.778,1.90864,6.61E-01
0.78,1.90088,6.66E-01
0.782,1.89312,6.71E-01
0.784,1.88535,6.76E-01
0.786,1.87759,6.94E-01
0.788,1.86983,7.17E-01
0.79,1.86206,7.39E-01
0.792,1.8543,7.62E-01
0.794,1.89043,7.85E-01
0.796,1.94958,8.08E-01
0.798,2.00873,8.22E-01
0.8,2.06252,8.27E-01
0.802,1.99988,8.33E-01
0.804,1.93724,8.38E-01
0.806,1.89418,8.44E-01
0.808,1.89122,8.49E-01
0.81,1.88826,8.55E-01
0.812,1.8853,8.60E-01
0.814,1.88234,8.66E-01
0.816,1.87938,8.71E-01
0.818,1.87642,8.77E-01
0.82,1.87347,8.82E-01
0.822,1.87051,8.87E-01
0.824,1.86755,8.93E-01
0.826,1.86459,8.98E-01
0.828,1.86163,9.04E-01
0.83,1.85867,9.09E-01
0.832,1.85571,9.15E-01
0.834,1.85275,9.20E-01
0.836,1.84979,9.26E-01
0.838,1.84683,9.31E-01
0.84,1.84388,9.37E-01
0.842,1.84092,9.44E-01
0.844,1.83796,9.52E-01
0.846,1.835,9.60E-01
0.848,1.83204,9.69E-01
0.85,1.82908,9.77E-01
0.852,1.82612,9.85E-01
0.854,1.82316,9.93E-01
0.856,1.8202,1.00E+00
0.858,1.81724,1.01E+00
0.86,1.81428,1.02E+00
0.862,1.81133,1.03E+00
0.864,1.80837,1.03E+00
0.866,1.80541,1.04E+00
0.868,1.80245,1.05E+00
0.87,1.79949,1.05854
0.872,1.79653,1.06672
0.874,1.79357,1.0749
0.876,1.79061,1.08309
0.878,1.78765,1.09127
0.88,1.78469,1.09945
0.882,1.78173,1.10763
0.884,1.77878,1.11582
0.886,1.77582,1.124
0.888,1.77286,1.13218
0.89,1.7699,1.14036
0.892,1.76694,1.14855
0.894,1.76398,1.15673
0.896,1.76102,1.16491
0.898,1.75806,1.18803
0.9,1.7551,1.21816
0.902,1.75214,1.24828
0.904,1.74918,1.26543
0.906,1.84846,1.27273
0.908,1.84331,1.28002
0.91,1.83817,1.28732
0.912,1.83303,1.29461
0.914,1.82788,1.30191
0.916,1.82274,1.3092
0.918,1.81759,1.3165
0.92,1.81245,1.32379
0.922,1.80731,1.33109
0.924,1.80216,1.33838
0.926,1.79702,1.34567
0.928,1.79187,1.35297
0.93,1.78673,1.36026
0.932,1.78158,1.36756
0.934,1.77644,1.37485
0.936,1.7713,1.38215
0.938,1.76615,1.38944
0.94,1.76101,1.39674
0.942,1.75586,1.40403
0.944,1.75072,1.41133
0.946,1.74557,1.41862
0.948,1.74043,1.42592
0.95,1.73529,1.43321
0.952,1.73014,1.44051
0.954,1.725,1.44009
0.956,1.71985,1.43572
0.958,1.71471,1.43136
0.96,1.70957,1.427
0.962,1.70971,1.42263
0.964,1.71025,1.41827
0.966,1.71079,1.4139
0.968,1.71134,1.40954
0.97,1.71188,1.40517
0.972,1.71243,1.40081
0.974,1.71297,1.39644
0.976,1.71351,1.39208
0.978,1.71406,1.38772
0.98,1.7146,1.38335
0.982,1.71515,1.37899
0.984,1.71569,1.37462
0.986,1.71623,1.37026
0.988,1.71678,1.36589
0.99,1.71732,1.36153
0.992,1.71787,1.35717
0.994,1.71841,1.3528
0.996,1.71895,1.34844
0.998,1.7195,1.34407
1,1.72004,1.33971
1.002,1.72059,1.33534
1.004,1.76816,1.40014
1.006,1.85028,1.48738
1.008,1.84861,1.57461
1.01,1.84693,1.61093
1.012,1.84526,1.6186
1.014,1.84358,1.62628
1.016,1.84191,1.63395
1.018,1.84024,1.64162
1.02,1.83856,1.6493
1.022,1.83689,1.65697
1.024,1.83521,1.66465
1.026,1.83354,1.67232
1.028,1.83186,1.67999
1.03,1.83019,1.68767
1.032,1.82852,1.69534
1.034,1.82684,1.70302
1.036,1.82517,1.71069
1.038,1.82349,1.71837
1.04,1.82182,1.72604
1.042,1.82014,1.73371
1.044,1.81847,1.74139
1.046,1.8168,1.74906
1.048,1.81512,1.75674
1.05,1.81345,1.76441
1.052,1.81177,1.77208
1.054,1.8101,1.77976
1.056,1.80842,1.78743
1.058,1.80675,1.79511
1.06,1.80508,1.80278
1.062,1.8034,1.81045
1.064,1.80173,1.81813
1.066,1.80005,1.82721
1.068,1.79838,1.83716
1.07,1.7967,1.84712
1.072,1.79503,1.85707
1.074,1.79336,1.86702
1.076,1.79168,1.87697
1.078,1.79001,1.88692
1.08,1.78833,1.89687
1.082,1.78666,1.90682
1.084,1.78498,1.91677
1.086,1.78331,1.92672
1.088,1.78163,1.93668
1.09,1.77996,1.94663
1.092,1.77829,1.95658
1.094,1.77661,1.96653
1.096,1.77494,1.97648
1.098,1.77326,1.98643
1.1,1.77159,1.99638
1.102,1.76991,2.00633
1.104,1.76867,2.0063
1.106,1.7693,2.00562
1.108,1.76994,2.00495
1.11,1.77057,2.00427
1.112,1.7712,2.0036
1.114,1.77184,2.00292
1.116,1.77247,2.00225
1.118,1.77311,2.00157
1.12,1.77374,2.0009
1.122,1.77438,2.00356
1.124,1.77501,2.00846
1.126,1.77565,2.01335
1.128,1.77628,2.01824
1.13,1.77691,2.02313
1.132,1.77755,2.02802
1.134,1.77818,2.03291
1.136,1.77882,2.0378
1.138,1.77945,2.04269
1.14,1.78009,2.04759
1.142,1.78072,2.05248
1.144,1.78136,2.05737
1.146,1.78199,2.06226
1.148,1.78262,2.06715
1.15,1.78326,2.07204
1.152,1.78389,2.07693
1.154,1.78453,2.08182
1.156,1.78516,2.08671
1.158,1.7858,2.09161
1.16,1.78643,2.0965
1.162,1.78706,2.10139
1.164,1.7877,2.10628
1.166,1.78833,2.11117
1.168,1.78897,2.11606
1.17,1.7896,2.12095
1.172,1.79024,2.12584
1.174,1.79087,2.13073
1.176,1.79151,2.13563
1.178,1.79214,2.14414
1.18,1.79277,2.15527
1.182,1.79341,2.16641
1.184,1.79404,2.17754
1.186,1.79468,2.18868
1.188,1.79531,2.19981
1.19,1.79595,2.21095
1.192,1.79658,2.22208
1.194,1.79722,2.23322
1.196,1.79785,2.24435
1.198,1.79848,2.25549
1.2,1.79912,2.26662
1.202,1.79975,2.27638
1.204,1.79875,2.27688
1.206,1.79382,2.27739
1.208,1.78889,2.27789
1.21,1.78396,2.2784
1.212,1.77903,2.27891
1.214,1.7741,2.27941
1.216,1.76918,2.27992
1.218,1.76425,2.28042
1.22,1.75932,2.28093
1.222,1.75439,2.28143
1.224,1.74946,2.28194
1.226,1.74454,2.28245
1.228,1.73961,2.28295
1.23,1.73468,2.28346
1.232,1.72975,2.28396
1.234,1.72482,2.28721
1.236,1.71989,2.29261
1.238,1.71497,2.298
1.24,1.71004,2.3034
1.242,1.71378,2.3088
1.244,1.7193,2.31419
1.246,1.72482,2.31959
1.248,1.73034,2.32499
1.25,1.73586,2.33038
1.252,1.74138,2.33578
1.254,1.7469,2.34118
1.256,1.75242,2.34658
1.258,1.75794,2.35197
1.26,1.76346,2.35737
1.262,1.76897,2.36277
1.264,1.77449,2.36816
1.266,1.78001,2.37356
1.268,1.78553,2.37896
1.27,1.79105,2.38435
1.272,1.79657,2.38975
1.274,1.80209,2.39515
1.276,1.80761,2.40055
1.278,1.81313,2.40594
1.28,1.81865,2.41134
1.282,1.82417,2.41674
1.284,1.82969,2.42213
1.286,1.83521,2.42753
1.288,1.84073,2.43293
1.29,1.84625,2.43131
1.292,1.85176,2.42372
1.294,1.85728,2.41613
1.296,1.8628,2.40853
1.298,1.86832,2.40094
1.3,1.87384,2.39335
1.302,1.87936,2.38945
1.304,1.88249,2.39357
1.306,1.87977,2.39769
1.308,1.87706,2.40181
1.31,1.87434,2.40593
1.312,1.87162,2.41005
1.314,1.8689,2.41417
1.316,1.86619,2.41829
1.318,1.86347,2.42241
1.32,1.86075,2.42653
1.322,1.85803,2.43065
1.324,1.85532,2.43477
1.326,1.8526,2.43889
1.328,1.84988,2.44301
1.33,1.84716,2.44713
1.332,1.84445,2.45125
1.334,1.84173,2.45537
1.336,1.83901,2.45949
1.338,1.83629,2.46361
1.34,1.83358,2.46773
1.342,1.83086,2.47185
1.344,1.82814,2.47597
1.346,1.82542,2.48084
1.348,1.82271,2.48641
1.35,1.81999,2.49197
1.352,1.81727,2.49754
1.354,1.81864,2.5031
1.356,1.82348,2.50867
1.358,1.82833,2.51423
1.36,1.83317,2.5198
1.362,1.83802,2.52537
1.364,1.84287,2.53093
1.366,1.84771,2.5365
1.368,1.85256,2.54206
1.37,1.8574,2.54763
1.372,1.86225,2.5532
1.374,1.8671,2.55876
1.376,1.87194,2.56433
1.378,1.87679,2.56989
1.38,1.88163,2.57546
1.382,1.88648,2.58103
1.384,1.89133,2.58659
1.386,1.89617,2.59216
1.388,1.90102,2.59772
1.39,1.90586,2.60329
1.392,1.91071,2.60886
1.394,1.91556,2.61442
1.396,1.9204,2.61999
1.398,1.91998,2.62555
1.4,1.91418,2.63112
1.402,1.90838,2.63643
1.404,1.90258,2.64149
1.406,1.89678,2.64655
1.408,1.89098,2.65161
1.41,1.88814,2.65667
1.412,1.89066,2.66173
1.414,1.89319,2.66679
1.416,1.89572,2.67185
1.418,1.89824,2.67691
1.42,1.90077,2.68197
1.422,1.9033,2.68703
1.424,1.90583,2.69209
1.426,1.90835,2.69715
1.428,1.91088,2.70221
1.43,1.91341,2.70727
1.432,1.91593,2.71233
1.434,1.91846,2.71739
1.436,1.92099,2.72245
1.438,1.92351,2.72751
1.44,1.92604,2.73257
1.442,1.92857,2.73763
1.444,1.93109,2.74269
1.446,1.93362,2.74775
1.448,1.93615,2.75281
1.45,1.93867,2.75787
1.452,1.9412,2.76293
1.454,1.94373,2.76799
1.456,1.94626,2.77305
1.458,1.94878,2.77617
1.46,1.95131,2.77718
1.462,1.95384,2.77819
1.464,1.95636,2.7792
1.466,1.95957,2.78021
1.468,1.96607,2.78123
1.47,1.97258,2.78224
1.472,1.97909,2.78325
1.474,1.98559,2.78426
1.476,1.9921,2.78527
1.478,1.99861,2.78629
1.48,2.00511,2.7873
1.482,2.01162,2.78831
1.484,2.01813,2.78932
1.486,2.02463,2.79033
1.488,2.03114,2.79135
1.49,2.03765,2.79236
1.492,2.04415,2.79337
1.494,2.05066,2.79438
1.496,2.05717,2.79539
1.498,2.06136,2.7964
1.5,2.06144,2.79742
1.502,2.06152,2.79843
1.504,2.0616,2.79944
1.506,2.06168,2.80045
1.508,2.06175,2.80146
1.51,2.06183,2.80248
1.512,2.06191,2.80349
1.514,2.06199,2.8045
1.516,2.06207,2.80551
1.518,2.06215,2.80652
1.52,2.06223,2.80754
1.522,2.06231,2.80855
1.524,2.06239,2.80956
1.526,2.06247,2.81057
1.528,2.06255,2.81158
1.53,2.06263,2.8126
1.532,2.06271,2.81361
1.534,2.06279,2.81462
1.536,2.06286,2.81563
1.538,2.06294,2.81664
1.54,2.06302,2.81766
1.542,2.0631,2.81867
1.544,2.06318,2.81968
1.546,2.06326,2.82069
1.548,2.06334,2.8217
1.55,2.06342,2.82272
1.552,2.0635,2.82373
1.554,2.06358,2.82474
1.556,2.06366,2.82575
1.558,2.06374,2.82676
1.56,2.06382,2.82778
1.562,2.0639,2.82879
1.564,2.06397,2.8298
1.566,2.06405,2.83081
1.568,2.06413,2.83182
1.57,2.06421,2.84014
1.572,2.06429,2.85775
1.574,2.06437,2.87536
1.576,2.06445,2.89297
1.578,2.06453,2.91058
1.58,2.06461,2.92819
1.582,2.06469,2.9458
1.584,2.06477,2.96341
1.586,2.06485,2.98102
1.588,2.06493,2.99863
1.59,2.06501,3.01624
1.592,2.06508,3.03385
1.594,2.06516,3.05146
1.596,2.06524,3.06907
1.598,2.0663,3.08668
1.6,2.0682,3.10429
1.602,2.0701,3.09819
1.604,2.072,3.0887
1.606,2.0739,3.07922
1.608,2.07579,3.06973
1.61,2.07769,3.06025
1.612,2.07959,3.05076
1.614,2.08149,3.04128
1.616,2.08338,3.03179
1.618,2.08528,3.0223
1.62,2.08718,3.01282
1.622,2.08908,3.00333
1.624,2.09097,2.99385
1.626,2.09287,2.99153
1.628,2.09477,2.99912
1.63,2.09667,3.00671
1.632,2.09857,3.0143
1.634,2.10046,3.02189
1.636,2.17373,3.02948
1.638,2.17638,3.03707
1.64,2.17903,3.04466
1.642,2.18168,3.05225
1.644,2.18433,3.05984
1.646,2.18699,3.06743
1.648,2.18964,3.07502
1.65,2.19229,3.08261
1.652,2.19494,3.0902
1.654,2.19759,3.09779
1.656,2.20025,3.10538
1.658,2.2029,3.11297
1.66,2.20555,3.12056
1.662,2.2082,3.12815
1.664,2.21085,3.13574
1.666,2.2135,3.14333
1.668,2.21616,3.15092
1.67,2.21881,3.15851
1.672,2.22146,3.1661
1.674,2.22411,3.17369
1.676,2.22676,3.18128
1.678,2.22941,3.18887
1.68,2.23207,3.19646
1.682,2.23472,3.2033
1.684,2.23737,3.20904
1.686,2.24002,3.21477
1.688,2.24267,3.22051
1.69,2.24533,3.22624
1.692,2.24798,3.23198
1.694,2.25063,3.23771
1.696,2.25328,3.24345
1.698,2.25546,3.24918
1.7,2.25641,3.25455
1.702,2.25736,3.25421
1.704,2.25831,3.25387
1.706,2.25926,3.25354
1.708,2.26021,3.2532
1.71,2.26116,3.25286
1.712,2.26211,3.25253
1.714,2.26307,3.25219
1.716,2.26402,3.25185
1.718,2.26497,3.25151
1.72,2.26592,3.25118
1.722,2.26687,3.25084
1.724,2.26782,3.2505
1.726,2.26877,3.25016
1.728,2.26972,3.24983
1.73,2.27067,3.24949
1.732,2.27163,3.24915
1.734,2.27258,3.24881
1.736,2.27353,3.24848
1.738,2.27448,3.2507
1.74,2.27543,3.25711
1.742,2.27638,3.26352
1.744,2.27733,3.26993
1.746,2.27828,3.27634
1.748,2.28014,3.28275
1.75,2.28392,3.28916
1.752,2.2877,3.29557
1.754,2.29148,3.30198
1.756,2.29525,3.30838
1.758,2.29903,3.31479
1.76,2.30281,3.3212
1.762,2.30659,3.32761
1.764,2.31037,3.33402
1.766,2.31415,3.34043
1.768,2.31793,3.34684
1.77,2.32171,3.35325
1.772,2.32549,3.35966
1.774,2.32927,3.36607
1.776,2.33304,3.37248
1.778,2.33682,3.37888
1.78,2.3406,3.38529
1.782,2.34438,3.3917
1.784,2.34816,3.39811
1.786,2.35194,3.40452
1.788,2.35572,3.41093
1.79,2.3595,3.41734
1.792,2.36328,3.42375
1.794,2.36705,3.42566
1.796,2.37083,3.41959
1.798,2.37461,3.41351
1.8,2.37839,3.41037
1.802,2.38217,3.41606
1.804,2.38582,3.42176
1.806,2.38709,3.42745
1.808,2.38836,3.43314
1.81,2.38962,3.43883
1.812,2.39089,3.44452
1.814,2.39216,3.45021
1.816,2.39342,3.4559
1.818,2.39469,3.4616
1.82,2.39596,3.46729
1.822,2.39722,3.47298
1.824,2.39849,3.47867
1.826,2.39976,3.48436
1.828,2.40102,3.49005
1.83,2.40229,3.49574
1.832,2.40356,3.50144
1.834,2.40482,3.50713
1.836,2.40609,3.51282
1.838,2.40736,3.51851
1.84,2.40862,3.5242
1.842,2.40989,3.52989
1.844,2.41116,3.53558
1.846,2.41242,3.54128
1.848,2.41369,3.54697
1.85,2.41496,3.55188
1.852,2.41622,3.5553
1.854,2.41749,3.55872
1.856,2.41876,3.56213
1.858,2.42002,3.56555
1.86,2.42129,3.56896
1.862,2.46114,3.57238
1.864,2.46595,3.57579
1.866,2.47077,3.57921
1.868,2.47558,3.58263
1.87,2.4804,3.58604
1.872,2.48522,3.58946
1.874,2.49003,3.59287
1.876,2.49485,3.59629
1.878,2.49966,3.5997
1.88,2.50448,3.60312
1.882,2.5093,3.60653
1.884,2.51411,3.60995
1.886,2.51893,3.61337
1.888,2.52375,3.61678
1.89,2.52856,3.6202
1.892,2.53338,3.62361
1.894,2.53819,3.62703
1.896,2.54301,3.63044
1.898,2.54783,3.63386
1.9,2.5459,3.64319
1.902,2.54378,3.66021
1.904,2.54165,3.67723
1.906,2.53952,3.68997
1.908,2.53739,3.69382
1.91,2.53526,3.69766
1.912,2.53313,3.70151
1.914,2.531,3.70535
1.916,2.52887,3.7092
1.918,2.52984,3.71304
1.92,2.53227,3.71689
1.922,2.5347,3.72073
1.924,2.53713,3.72458
1.926,2.53956,3.72843
1.928,2.54199,3.73227
1.93,2.54442,3.73612
1.932,2.54685,3.73996
1.934,2.54928,3.74381
1.936,2.55171,3.74765
1.938,2.55414,3.7515
1.94,2.55657,3.75534
1.942,2.559,3.75919
1.944,2.56143,3.76303
1.946,2.56386,3.76688
1.948,2.56629,3.77073
1.95,2.56872,3.77457
1.952,2.57115,3.77842
1.954,2.57358,3.78226
1.956,2.57601,3.78611
1.958,2.57844,3.78995
1.96,2.58087,3.7938
1.962,2.5833,3.79873
1.964,2.58573,3.80615
1.966,2.58816,3.81358
1.968,2.59059,3.821
1.97,2.59302,3.82842
1.972,2.59545,3.83584
1.974,2.59788,3.84326
1.976,2.60031,3.85068
1.978,2.60274,3.8581
1.98,2.60517,3.86553
1.982,2.6076,3.87295
1.984,2.61003,3.88037
1.986,2.61246,3.88779
1.988,2.61489,3.89521
1.99,2.61732,3.90263
1.992,2.61975,3.91005
1.994,2.62218,3.91747
1.996,2.62461,3.9249
1.998,2.62704,3.93232
2,2.62981,3.92772
2.002,2.63259,3.91591
2.004,2.63536,3.90411
2.006,2.63814,3.8923
2.008,2.64092,3.8805
2.01,2.64369,3.86869
2.012,2.64647,3.85688
2.014,2.64925,3.84508
2.016,2.65203,3.83327
2.018,2.6548,3.8257
2.02,2.65758,3.82873
2.022,2.66036,3.83177
2.024,2.66314,3.8348
2.026,2.66591,3.83784
2.028,2.66869,3.84087
2.03,2.70679,3.84391
2.032,2.70931,3.84695
2.034,2.71184,3.84998
2.036,2.71437,3.85302
2.038,2.71689,3.85605
2.04,2.71942,3.85909
2.042,2.72195,3.86212
2.044,2.72447,3.86516
2.046,2.727,3.86819
2.048,2.72953,3.87123
2.05,2.73205,3.87427
2.052,2.73458,3.8773
2.054,2.73711,3.88034
2.056,2.73964,3.88337
2.058,2.74216,3.88641
2.06,2.74469,3.88944
2.062,2.74722,3.89248
2.064,2.74974,3.89552
2.066,2.75227,3.89855
2.068,2.7548,3.90159
2.07,2.75732,3.90462
2.072,2.75985,3.90766
2.074,2.76238,3.91069
2.076,2.7649,3.91373
2.078,2.76743,3.91677
2.08,2.76996,3.9198
2.082,2.77248,3.92284
2.084,2.77501,3.92587
2.086,2.77749,3.92891
2.088,2.77876,3.93194
2.09,2.78003,3.93498
2.092,2.7813,3.93802
2.094,2.78256,3.94105
2.096,2.78383,3.94409
2.098,2.7851,3.94712
2.1,2.78637,3.95016
2.102,2.78763,3.9532
2.104,2.7889,3.95623
2.106,2.79017,3.95927
2.108,2.79143,3.9623
2.11,2.7927,3.96534
2.112,2.79397,3.96838
2.114,2.79524,3.97141
2.116,2.7965,3.97445
2.118,2.79777,3.97748
2.12,2.79904,3.98052
2.122,2.80031,3.98355
2.124,2.80157,3.98659
2.126,2.80284,3.98963
2.128,2.80411,3.99266
2.13,2.80537,3.9957
2.132,2.80664,3.99873
2.134,2.80791,4.00177
2.136,2.80918,4.00481
2.138,2.81044,4.00784
2.14,2.81171,4.01088
2.142,2.81298,4.01392
2.144,2.85187,4.01695
2.146,2.85565,4.01999
2.148,2.85943,4.02302
2.15,2.86321,4.02606
2.152,2.86699,4.0291
2.154,2.87077,4.03213
2.156,2.87455,4.03517
2.158,2.87832,4.0382
2.16,2.8821,4.04124
2.162,2.88588,4.04428
2.164,2.88966,4.04731
2.166,2.89344,4.05035
2.168,2.89722,4.05338
2.17,2.901,4.05642
2.172,2.90478,4.05946
2.174,2.90856,4.06249
2.176,2.91233,4.06553
2.178,2.91611,4.06857
2.18,2.91989,4.0716
2.182,2.92367,4.07464
2.184,2.92745,4.07767
2.186,2.93123,4.08219
2.188,2.93501,4.0918
2.19,2.93879,4.10141
2.192,2.94257,4.11102
2.194,2.94635,4.12062
2.196,2.95012,4.13023
2.198,2.9539,4.13984
2.2,2.95696,4.14169
2.202,2.95948,4.1435
2.204,2.96201,4.1453
2.206,2.96454,4.14711
2.208,2.96706,4.14892
2.21,2.96959,4.15072
2.212,2.97212,4.15253
2.214,2.97464,4.15434
2.216,2.97717,4.15615
2.218,2.9797,4.15795
2.22,2.98222,4.15976
2.222,2.98475,4.16157
2.224,2.98728,4.16338
2.226,2.9898,4.16518
2.228,2.99233,4.16699
2.23,2.99486,4.1688
2.232,2.99739,4.1706
2.234,2.99991,4.17241
2.236,3.00244,4.17422
2.238,3.00497,4.17603
2.24,3.00749,4.17783
2.242,3.01002,4.17976
2.244,3.01255,4.18214
2.246,3.01507,4.18452
2.248,3.0176,4.1869
2.25,3.02013,4.18928
2.252,3.02265,4.19166
2.254,3.02518,4.19404
2.256,3.02721,4.19642
2.258,3.02848,4.1988
2.26,3.02974,4.20118
2.262,3.03101,4.20356
2.264,3.03228,4.20594
2.266,3.03354,4.20832
2.268,3.03481,4.2107
2.27,3.03608,4.21308
2.272,3.03734,4.21546
2.274,3.03861,4.21784
2.276,3.03988,4.22022
2.278,3.04114,4.2226
2.28,3.04241,4.22498
2.282,3.04368,4.22736
2.284,3.04494,4.22974
2.286,3.04621,4.23212
2.288,3.04748,4.2345
2.29,3.04874,4.23688
2.292,3.05001,4.23926
2.294,3.05128,4.24164
2.296,3.05254,4.24402
2.298,3.05381,4.24661
2.3,3.05508,4.25013
2.302,3.05634,4.25365
2.304,3.05761,4.25718
2.306,3.05888,4.2607
2.308,3.06014,4.26422
2.31,3.06141,4.26775
2.312,3.09845,4.27127
2.314,3.10098,4.27479
2.316,3.1035,4.27832
2.318,3.10603,4.28184
2.32,3.10856,4.28536
2.322,3.11108,4.28889
2.324,3.11361,4.29241
2.326,3.11614,4.29593
2.328,3.11866,4.29945
2.33,3.12119,4.30298
2.332,3.12371,4.3065
2.334,3.12624,4.31002
2.336,3.12877,4.31355
2.338,3.13129,4.31707
2.34,3.13382,4.32059
2.342,3.13635,4.32412
2.344,3.13887,4.32764
2.346,3.1414,4.33116
2.348,3.14393,4.33469
2.35,3.14645,4.33821
2.352,3.14898,4.34173
2.354,3.15151,4.34529
2.356,3.15403,4.34905
2.358,3.15656,4.35281
2.36,3.15908,4.35657
2.362,3.16161,4.36033
2.364,3.16414,4.36409
2.366,3.16666,4.36784
2.368,3.17804,4.3716
2.37,3.20712,4.37536
2.372,3.20965,4.37912
2.374,3.21218,4.38288
2.376,3.2147,4.38664
2.378,3.21723,4.3904
2.38,3.21976,4.39415
2.382,3.22228,4.39791
2.384,3.22481,4.40167
2.386,3.22734,4.40543
2.388,3.22986,4.40919
2.39,3.23239,4.41295
2.392,3.23492,4.41671
2.394,3.23744,4.42046
2.396,3.23997,4.42422
2.398,3.2425,4.42537
2.4,3.24502,4.42208
2.402,3.24755,4.41879
2.404,3.25008,4.41551
2.406,3.2526,4.41222
2.408,3.25513,4.40893
2.41,3.25766,4.40648
2.412,3.26018,4.40901
2.414,3.26271,4.41154
2.416,3.26523,4.41407
2.418,3.26776,4.4166
2.42,3.27029,4.41913
2.422,3.27281,4.42166
2.424,3.27534,4.42419
2.426,3.27692,4.42672
2.428,3.27818,4.42925
2.43,3.27945,4.43178
2.432,3.28072,4.43431
2.434,3.28198,4.43684
2.436,3.28325,4.43937
2.438,3.28452,4.4419
2.44,3.28579,4.44443
2.442,3.28705,4.44696
2.444,3.28832,4.44949
2.446,3.28959,4.45202
2.448,3.29085,4.45455
2.45,3.29212,4.45708
2.452,3.29339,4.45961
2.454,3.29466,4.46214
2.456,3.29592,4.46467
2.458,3.29719,4.4672
2.46,3.29846,4.46973
2.462,3.29972,4.47226
2.464,3.30099,4.47479
2.466,3.30226,4.47708
2.468,3.30352,4.47776
2.47,3.30479,4.47843
2.472,3.30606,4.47911
2.474,3.30733,4.47978
2.476,3.30859,4.48046
2.478,3.30986,4.48113
2.48,3.31113,4.48181
2.482,3.31403,4.48248
2.484,3.31781,4.48315
2.486,3.32158,4.48383
2.488,3.32536,4.4845
2.49,3.32914,4.48518
2.492,3.33292,4.48585
2.494,3.3367,4.48653
2.496,3.34048,4.4872
2.498,3.34426,4.48788
2.5,3.34804,4.48855
8,8.21336,5.84775
8.1,8.20567,5.83986
8.2,8.23323,5.79893
8.3,8.23728,5.77342
8.4,8.265,5.7908
8.5,8.26114,5.76867
8.6,8.26914,5.77181
8.7,8.32059,5.75195
8.8,8.32041,5.75294
8.9,8.32051,5.74983
9,8.32039,5.75312
9.1,8.30577,5.75608
9.2,8.2776,5.75319
9.3,8.27308,5.75215
9.4,8.27257,5.77844
9.5,8.28542,5.79674
9.6,8.24184,5.80324
9.7,8.24171,5.82499
9.8,8.19808,5.86251
9.9,8.20187,5.90729
10,8.17018,5.91052
10.1,8.18595,5.9517
10.2,8.18581,5.99416
10.3,8.1382,6.04162
10.4,8.13029,6.12607
10.5,8.09445,6.1599
10.6,8.09124,6.20797
10.7,8.09901,6.26162
10.8,8.08741,6.3182
10.9,8.08304,6.41921
11,8.08694,6.51899
11.1,8.09461,6.60641
11.2,8.12582,6.68392
11.3,8.16963,6.74026
11.4,8.1934,6.81699
11.5,8.24079,6.91992
11.6,8.28427,6.96256
11.7,8.34377,7.01957
11.8,8.37937,7.0735
11.9,8.45457,7.17818
12,8.49434,7.22488
12.1,8.56139,7.27252
12.2,8.6446,7.32879
12.3,8.70387,7.36867
12.4,8.81471,7.41177
12.5,8.8308,7.43793
12.6,8.90585,7.46624
12.7,8.98501,7.4989
12.8,9.0523,7.54222
12.9,9.10386,7.53601
13,9.16327,7.56136
